Date,Time,Battery_Percent,Time_Remaining,Battery_Condition,Maximum_Capacity,Process_Count,CPU_Usage,Total_Memory,Used_Memory,Cycle_Count,Charging,Low_Power_Mode,Process_Power,Process_State
05/06/2026,16:49:10,68,908,Normal,100,792,58.7,24.0,12.2,8,0,0,15.0,1
05/06/2026,16:49:34,68,908,Normal,100,792,57.1,24.0,12.09,8,0,0,27.0,2
05/06/2026,16:50:06,68,858,Normal,100,806,10.9,24.0,12.23,8,0,0,123.0,3
05/06/2026,16:50:26,68,858,Normal,100,806,59.3,24.0,11.95,8,0,0,23.0,1
05/06/2026,16:50:58,68,848,Normal,100,793,8.3,24.0,11.97,8,0,0,95.0,1
05/06/2026,16:51:27,68,848,Normal,100,791,62.0,24.0,11.99,8,0,0,100.3,1
05/06/2026,16:52:00,68,838,Normal,100,791,8.1,24.0,11.96,8,0,0,83.0,2
05/06/2026,16:52:32,68,838,Normal,100,790,8.2,24.0,11.82,8,0,0,39.3,1
05/06/2026,16:53:04,68,828,Normal,100,791,8.7,24.0,11.78,8,0,0,75.3,1
05/06/2026,16:53:32,68,828,Normal,100,793,55.1,24.0,11.89,8,0,0,45.3,1
05/06/2026,16:53:37,67,818,Normal,100,792,56.7,24.0,12.03,8,0,0,97.1,1
05/06/2026,16:54:04,67,818,Normal,100,791,8.5,24.0,11.98,8,0,0,32.8,1
05/06/2026,16:54:11,67,818,Normal,100,793,7.0,24.0,12.02,8,0,0,23.2,1
05/06/2026,16:54:36,67,828,Normal,100,792,4.7,24.0,12.02,8,0,0,19.0,1
05/06/2026,16:54:44,67,828,Normal,100,792,4.5,24.0,12.05,8,0,0,17.3,1
05/06/2026,16:55:09,67,828,Normal,100,768,10.3,24.0,10.93,8,0,0,15.9,1
05/06/2026,16:55:17,67,828,Normal,100,768,10.5,24.0,11.12,8,0,0,90.9,3
05/06/2026,16:55:41,67,838,Normal,100,758,6.7,24.0,11.04,8,0,0,63.1,2
05/06/2026,16:55:49,67,838,Normal,100,759,7.3,24.0,11.12,8,0,0,131.5,1
05/06/2026,16:56:13,67,838,Normal,100,759,13.2,24.0,11.04,8,0,0,78.9,2
05/06/2026,16:56:22,67,838,Normal,100,759,13.2,24.0,10.91,8,0,0,80.3,1
05/06/2026,16:56:45,67,828,Normal,100,759,6.5,24.0,10.69,8,0,0,22.3,1
05/06/2026,16:56:55,67,828,Normal,100,761,6.0,24.0,10.76,8,0,0,63.3,1
05/06/2026,16:57:17,67,828,Normal,100,760,6.8,24.0,10.69,8,0,0,35.4,2
05/06/2026,16:57:27,67,828,Normal,100,760,6.2,24.0,10.73,8,0,0,69.4,1
05/06/2026,16:57:49,67,818,Normal,100,765,9.8,24.0,11.01,8,0,0,65.9,1
05/06/2026,16:57:59,67,818,Normal,100,765,12.6,24.0,11.07,8,0,0,108.3,1
05/06/2026,16:58:22,67,818,Normal,100,765,13.2,24.0,11.12,8,0,0,104.3,2
05/06/2026,16:58:32,67,818,Normal,100,765,12.1,24.0,11.21,8,0,0,106.8,3
05/06/2026,16:58:54,67,808,Normal,100,765,11.0,24.0,11.18,8,0,0,148.4,3
05/06/2026,16:59:04,67,808,Normal,100,765,12.2,24.0,11.25,8,0,0,130.7,3
05/06/2026,16:59:26,67,808,Normal,100,765,13.0,24.0,11.63,8,0,0,99.6,2
05/06/2026,16:59:36,66,758,Normal,100,763,11.8,24.0,11.27,8,0,0,116.9,2
05/06/2026,16:59:58,66,758,Normal,100,763,11.9,24.0,11.21,8,0,0,82.5,2
05/06/2026,17:00:08,66,758,Normal,100,763,11.4,24.0,11.21,8,0,0,48.4,2
05/06/2026,17:00:31,66,758,Normal,100,762,9.6,24.0,11.29,8,0,0,137.2,2
05/06/2026,17:00:41,66,748,Normal,100,763,10.3,24.0,11.29,8,0,0,42.9,1
05/06/2026,17:01:03,66,748,Normal,100,766,10.3,24.0,11.32,8,0,0,51.3,4
05/06/2026,17:01:13,66,748,Normal,100,766,10.9,24.0,11.28,8,0,0,62.1,2
05/06/2026,17:01:35,66,758,Normal,100,763,9.6,24.0,11.25,8,0,0,46.9,1
05/06/2026,17:01:45,66,758,Normal,100,763,7.9,24.0,11.34,8,0,0,76.8,1
05/06/2026,17:02:07,66,758,Normal,100,763,10.8,24.0,11.33,8,0,0,87.7,2
05/06/2026,17:02:18,66,758,Normal,100,763,11.7,24.0,11.26,8,0,0,91.3,3
05/06/2026,17:02:39,66,800,Normal,100,763,10.5,24.0,11.26,8,0,0,85.6,1
05/06/2026,17:02:50,66,800,Normal,100,762,10.3,24.0,11.23,8,0,0,93.1,2
05/06/2026,17:03:12,66,800,Normal,100,765,12.0,24.0,11.4,8,0,0,166.7,1
05/06/2026,17:03:22,66,800,Normal,100,765,12.5,24.0,11.37,8,0,0,41.1,2
05/06/2026,17:03:44,66,750,Normal,100,763,11.7,24.0,11.3,8,0,0,69.1,1
05/06/2026,17:03:54,66,750,Normal,100,764,11.6,24.0,11.39,8,0,0,92.9,2
05/06/2026,17:04:16,66,750,Normal,100,763,11.4,24.0,11.26,8,0,0,83.8,1
05/06/2026,17:04:26,66,750,Normal,100,763,11.1,24.0,11.3,8,0,0,83.7,1
05/06/2026,17:04:48,66,740,Normal,100,763,10.5,24.0,11.22,8,0,0,31.7,1
05/06/2026,17:04:59,66,740,Normal,100,765,10.0,24.0,11.49,8,0,0,96.6,2
05/06/2026,17:05:20,66,740,Normal,100,765,10.1,24.0,11.25,8,0,0,80.2,1
05/06/2026,17:05:31,66,740,Normal,100,765,10.3,24.0,11.26,8,0,0,107.0,2
05/06/2026,17:05:53,66,750,Normal,100,764,9.0,24.0,11.22,8,0,0,36.4,1
05/06/2026,17:06:03,66,750,Normal,100,763,8.0,24.0,11.27,8,0,0,81.9,2
05/06/2026,17:06:25,66,750,Normal,100,764,9.7,24.0,11.28,8,0,0,69.0,1
05/06/2026,17:06:36,66,800,Normal,100,764,9.9,24.0,11.29,8,0,0,37.7,1
05/06/2026,17:06:57,66,800,Normal,100,765,8.8,24.0,11.31,8,0,0,50.7,3
05/06/2026,17:07:08,66,800,Normal,100,765,9.1,24.0,11.35,8,0,0,59.5,1
05/06/2026,17:07:29,66,800,Normal,100,770,9.5,24.0,11.6,8,0,0,121.7,1
05/06/2026,17:07:40,65,740,Normal,100,768,10.7,24.0,11.4,8,0,0,83.7,2
05/06/2026,17:08:01,65,740,Normal,100,762,11.5,24.0,11.08,8,0,0,106.1,2
05/06/2026,17:08:34,65,730,Normal,100,776,12.7,24.0,11.33,8,0,0,115.0,2
05/06/2026,17:09:06,65,730,Normal,100,779,10.9,24.0,11.78,8,0,0,78.9,3
05/06/2026,17:09:38,65,740,Normal,100,777,10.7,24.0,11.99,8,0,0,43.6,1
05/06/2026,17:10:10,65,740,Normal,100,780,5.4,24.0,11.97,8,0,0,64.6,4
05/06/2026,17:10:43,65,750,Normal,100,781,9.7,24.0,12.19,8,0,0,69.1,1
05/06/2026,17:11:15,65,750,Normal,100,780,9.1,24.0,12.1,8,0,0,36.9,1
05/06/2026,17:11:47,65,800,Normal,100,778,6.0,24.0,12.12,8,0,0,136.1,1
05/06/2026,17:12:19,65,800,Normal,100,804,12.6,24.0,12.19,8,0,0,73.1,1
05/06/2026,17:12:52,65,810,Normal,100,789,7.9,24.0,12.18,8,0,0,78.8,1
05/06/2026,17:13:24,65,810,Normal,100,788,7.8,24.0,12.08,8,0,0,78.0,1
05/06/2026,17:13:56,65,820,Normal,100,787,4.6,24.0,12.0,8,0,0,33.0,1
05/06/2026,17:14:28,65,820,Normal,100,787,2.8,24.0,12.0,8,0,0,15.7,1
05/06/2026,17:15:00,65,830,Normal,100,786,2.9,24.0,12.01,8,0,0,26.4,2
05/06/2026,17:15:33,65,830,Normal,100,787,2.8,24.0,12.02,8,0,0,16.7,1
05/06/2026,17:16:05,65,840,Normal,100,785,2.9,24.0,12.02,8,0,0,15.0,1
05/06/2026,17:16:37,65,850,Normal,100,786,2.9,24.0,12.03,8,0,0,20.0,1
05/06/2026,17:17:09,65,850,Normal,100,784,3.1,24.0,12.03,8,0,0,26.7,1
05/06/2026,17:17:41,65,900,Normal,100,782,3.5,24.0,12.0,8,0,0,17.8,1
05/06/2026,17:18:14,65,900,Normal,100,783,3.1,24.0,12.03,8,0,0,15.1,1
05/06/2026,17:21:34,64,1335,Normal,100,784,4.1,24.0,11.86,8,0,0,18.0,1
05/06/2026,17:22:06,64,1335,Normal,100,785,3.0,24.0,11.88,8,0,0,21.5,1
05/06/2026,17:22:38,64,1345,Normal,100,785,2.9,24.0,11.87,8,0,0,31.1,1
05/06/2026,17:23:11,64,1345,Normal,100,784,2.8,24.0,11.89,8,0,0,35.1,1
05/06/2026,17:23:43,64,1355,Normal,100,784,3.1,24.0,11.88,8,0,0,20.6,1
05/06/2026,17:24:15,64,1355,Normal,100,784,2.8,24.0,11.89,8,0,0,21.8,1
05/06/2026,17:24:47,64,1405,Normal,100,784,3.1,24.0,11.89,8,0,0,19.7,1
05/06/2026,17:25:20,64,1405,Normal,100,783,2.9,24.0,11.9,8,0,0,32.2,1
05/06/2026,17:25:52,64,1355,Normal,100,783,3.0,24.0,11.89,8,0,0,18.6,1
05/06/2026,17:26:24,64,1355,Normal,100,787,3.7,24.0,11.92,8,0,0,19.2,1
06/06/2026,11:09:51,58,936,Normal,100,791,43.9,24.0,11.02,8,0,0,161.6,2
06/06/2026,11:10:24,58,926,Normal,100,777,7.7,24.0,11.13,8,0,0,49.5,2
06/06/2026,11:10:56,58,926,Normal,100,778,5.9,24.0,11.38,8,0,0,105.8,2
06/06/2026,11:11:29,57,916,Normal,100,794,14.8,24.0,12.32,8,0,0,91.3,2
06/06/2026,11:12:01,57,916,Normal,100,794,10.6,24.0,12.38,8,0,0,102.4,2
06/06/2026,11:12:33,57,906,Normal,100,794,7.8,24.0,12.27,8,0,0,59.8,1
06/06/2026,11:13:05,57,906,Normal,100,792,6.3,24.0,12.24,8,0,0,49.3,1
06/06/2026,11:13:37,57,856,Normal,100,793,6.6,24.0,12.33,8,0,0,114.4,2
06/06/2026,11:14:09,57,856,Normal,100,791,10.8,24.0,12.32,8,0,0,71.5,1
06/06/2026,11:14:42,57,846,Normal,100,791,8.8,24.0,12.31,8,0,0,125.1,3
06/06/2026,11:15:14,57,846,Normal,100,793,9.2,24.0,12.02,8,0,0,28.5,1
06/06/2026,11:15:46,57,836,Normal,100,794,9.1,24.0,12.12,8,0,0,91.1,2
06/06/2026,11:16:18,57,836,Normal,100,794,7.6,24.0,12.1,8,0,0,39.9,1
06/06/2026,11:16:50,57,846,Normal,100,793,2.5,24.0,11.96,8,0,0,10.5,1
06/06/2026,11:17:22,57,856,Normal,100,791,6.0,24.0,12.17,8,0,0,90.2,3
06/06/2026,11:17:55,57,856,Normal,100,803,7.2,24.0,12.29,8,0,0,134.2,2
06/06/2026,11:18:27,57,846,Normal,100,807,11.3,24.0,12.27,8,0,0,88.7,1
06/06/2026,11:18:59,57,846,Normal,100,800,6.0,24.0,12.28,8,0,0,87.2,1
06/06/2026,11:19:31,57,856,Normal,100,796,9.4,24.0,12.25,8,0,0,166.1,2
06/06/2026,11:20:03,57,856,Normal,100,798,7.8,24.0,12.21,8,0,0,82.7,1
06/06/2026,11:20:36,57,906,Normal,100,797,6.5,24.0,12.23,8,0,0,68.5,1
06/06/2026,11:21:08,57,906,Normal,100,797,7.8,24.0,12.35,8,0,0,87.5,1
06/06/2026,11:21:40,57,901,Normal,100,797,6.5,24.0,12.19,8,0,0,73.5,2
06/06/2026,11:22:12,57,901,Normal,100,797,6.4,24.0,12.19,8,0,0,59.9,1
06/06/2026,11:22:44,56,911,Normal,100,796,8.2,24.0,12.34,8,0,0,60.3,1
06/06/2026,11:23:17,56,901,Normal,100,797,9.6,24.0,12.35,8,0,0,91.3,2
06/06/2026,11:23:49,56,901,Normal,100,800,10.0,24.0,12.26,8,0,0,55.1,1
06/06/2026,11:24:21,56,911,Normal,100,801,6.5,24.0,12.1,8,0,0,101.9,1
06/06/2026,11:24:53,56,911,Normal,100,800,8.6,24.0,12.11,8,0,0,64.8,1
06/06/2026,11:25:25,56,901,Normal,100,798,8.7,24.0,12.09,8,0,0,91.3,1
06/06/2026,11:25:58,56,901,Normal,100,800,9.2,24.0,12.19,8,0,0,121.3,2
06/06/2026,11:26:30,56,851,Normal,100,801,10.1,24.0,12.21,8,0,0,96.5,2
06/06/2026,11:27:02,56,851,Normal,100,803,9.1,24.0,12.12,8,0,0,28.1,1
06/06/2026,11:27:34,56,841,Normal,100,808,7.9,24.0,12.16,8,0,0,110.5,1
06/06/2026,11:28:06,56,841,Normal,100,802,12.4,24.0,12.28,8,0,0,90.1,1
06/06/2026,11:28:39,56,831,Normal,100,802,7.4,24.0,12.07,8,0,0,44.7,1
06/06/2026,11:29:11,56,831,Normal,100,801,8.2,24.0,12.26,8,0,0,52.2,1
06/06/2026,11:29:43,56,821,Normal,100,799,6.2,24.0,12.24,8,0,0,82.7,1
06/06/2026,11:30:15,55,811,Normal,100,806,9.2,24.0,12.15,8,0,0,50.7,1
06/06/2026,11:30:47,55,811,Normal,100,804,9.1,24.0,12.09,8,0,0,107.8,4
06/06/2026,11:31:20,55,801,Normal,100,800,7.8,24.0,11.83,8,0,0,81.7,1
06/06/2026,11:31:52,55,801,Normal,100,800,6.0,24.0,11.78,8,0,0,77.8,1
06/06/2026,11:32:24,55,811,Normal,100,800,6.3,24.0,12.11,8,0,0,82.3,1
06/06/2026,11:32:56,55,811,Normal,100,801,8.7,24.0,11.6,8,0,0,105.6,1
06/06/2026,11:33:28,55,813,Normal,100,799,8.4,24.0,11.7,8,0,0,85.5,1
06/06/2026,11:34:01,55,803,Normal,100,799,9.7,24.0,11.61,8,0,0,69.4,1
06/06/2026,11:34:33,55,803,Normal,100,797,7.0,24.0,11.64,8,0,0,67.5,2
06/06/2026,11:34:59,55,753,Normal,100,799,49.4,24.0,11.55,8,0,0,61.1,1
06/06/2026,11:35:16,55,753,Normal,100,802,10.2,24.0,11.6,8,0,0,86.1,2
06/06/2026,11:35:34,55,753,Normal,100,802,7.6,24.0,11.57,8,0,0,70.8,1
06/06/2026,11:35:51,55,753,Normal,100,803,15.9,24.0,11.59,8,0,0,58.7,1
06/06/2026,11:36:08,55,743,Normal,100,803,10.8,24.0,11.97,8,0,0,93.9,1
06/06/2026,11:36:25,55,743,Normal,100,803,9.0,24.0,11.76,8,0,0,31.8,1
06/06/2026,11:36:42,55,743,Normal,100,801,7.5,24.0,11.6,8,0,0,77.0,1
06/06/2026,11:37:00,55,753,Normal,100,799,6.7,24.0,11.64,8,0,0,45.9,2
06/06/2026,11:37:17,55,753,Normal,100,799,6.3,24.0,11.65,8,0,0,59.2,2
06/06/2026,11:37:34,55,753,Normal,100,799,8.4,24.0,11.82,8,0,0,115.9,2
06/06/2026,11:37:51,55,753,Normal,100,801,11.7,24.0,11.89,8,0,0,65.9,2
06/06/2026,11:38:08,55,743,Normal,100,801,10.4,24.0,11.88,8,0,0,68.8,2
06/06/2026,11:38:26,54,733,Normal,100,800,10.4,24.0,11.93,8,0,0,114.0,1
06/06/2026,11:38:43,54,733,Normal,100,802,10.6,24.0,11.9,8,0,0,72.9,1
06/06/2026,11:39:00,54,733,Normal,100,803,10.3,24.0,11.92,8,0,0,55.0,1
06/06/2026,11:39:17,54,723,Normal,100,801,9.1,24.0,11.95,8,0,0,47.2,1
06/06/2026,11:39:35,54,723,Normal,100,803,10.4,24.0,12.01,8,0,0,67.6,1
06/06/2026,11:39:52,54,723,Normal,100,803,10.5,24.0,12.02,8,0,0,43.7,1
06/06/2026,11:40:09,54,723,Normal,100,804,6.8,24.0,12.03,8,0,0,91.7,2
06/06/2026,11:40:26,54,733,Normal,100,803,6.8,24.0,12.07,8,0,0,58.2,1
06/06/2026,11:40:43,54,733,Normal,100,804,7.6,24.0,12.05,8,0,0,72.4,1
06/06/2026,11:41:01,54,733,Normal,100,800,9.8,24.0,12.09,8,0,0,100.3,2
06/06/2026,11:41:18,54,743,Normal,100,801,6.5,24.0,12.06,8,0,0,45.8,1
06/06/2026,11:41:35,54,743,Normal,100,801,5.7,24.0,12.06,8,0,0,49.2,1
06/06/2026,11:41:52,54,743,Normal,100,805,7.1,24.0,12.09,8,0,0,68.4,1
06/06/2026,11:42:09,54,743,Normal,100,808,8.4,24.0,12.12,8,0,0,23.4,1
06/06/2026,11:42:27,54,753,Normal,100,808,4.6,24.0,12.02,8,0,0,39.2,1
06/06/2026,11:42:44,54,753,Normal,100,805,7.3,24.0,12.26,8,0,0,64.9,1
06/06/2026,11:43:01,54,753,Normal,100,806,7.4,24.0,12.09,8,0,0,60.7,1
06/06/2026,11:43:18,54,803,Normal,100,805,7.0,24.0,12.06,8,0,0,99.1,1
06/06/2026,11:43:35,54,803,Normal,100,806,10.4,24.0,12.17,8,0,0,129.8,2
06/06/2026,11:43:53,54,803,Normal,100,807,12.9,24.0,12.18,8,0,0,26.6,1
06/06/2026,11:44:10,54,803,Normal,100,809,6.5,24.0,11.94,8,0,0,25.0,2
06/06/2026,11:44:27,54,808,Normal,100,806,5.4,24.0,11.95,8,0,0,32.9,1
06/06/2026,11:44:44,54,808,Normal,100,803,5.7,24.0,12.08,8,0,0,94.6,1
06/06/2026,11:45:01,54,808,Normal,100,806,9.8,24.0,12.0,8,0,0,40.1,1
06/06/2026,11:45:19,54,758,Normal,100,805,9.2,24.0,12.13,8,0,0,85.6,1
06/06/2026,11:45:36,54,758,Normal,100,807,8.1,24.0,12.24,8,0,0,125.3,3
06/06/2026,11:45:53,54,758,Normal,100,807,10.4,24.0,12.1,8,0,0,68.6,1
06/06/2026,11:46:10,53,748,Normal,100,805,12.2,24.0,12.06,8,0,0,62.6,1
06/06/2026,11:46:28,53,748,Normal,100,805,10.4,24.0,12.23,8,0,0,33.9,1
06/06/2026,11:46:45,53,748,Normal,100,804,4.6,24.0,11.83,8,0,0,20.5,1
06/06/2026,11:47:02,53,748,Normal,100,806,10.4,24.0,12.21,8,0,0,34.7,1
06/06/2026,11:47:19,53,738,Normal,100,806,6.5,24.0,12.12,8,0,0,67.9,2
06/06/2026,11:47:36,53,738,Normal,100,807,6.0,24.0,11.89,8,0,0,12.4,1
06/06/2026,11:47:54,53,738,Normal,100,807,6.4,24.0,12.14,8,0,0,71.8,2
06/06/2026,11:48:11,53,739,Normal,100,808,10.9,24.0,12.02,8,0,0,56.8,1
06/06/2026,11:48:28,53,739,Normal,100,811,5.4,24.0,11.98,8,0,0,25.6,1
06/06/2026,11:48:45,53,739,Normal,100,805,4.9,24.0,11.98,8,0,0,43.2,1
06/06/2026,11:49:03,53,739,Normal,100,804,6.9,24.0,12.17,8,0,0,67.8,1
06/06/2026,11:49:20,53,729,Normal,100,804,10.2,24.0,12.12,8,0,0,62.2,1
06/06/2026,11:49:37,53,729,Normal,100,803,7.9,24.0,12.12,8,0,0,79.5,3
06/06/2026,11:49:54,53,729,Normal,100,805,10.3,24.0,12.08,8,0,0,25.4,1
06/06/2026,11:50:11,53,719,Normal,100,804,6.6,24.0,11.95,8,0,0,43.4,1
06/06/2026,11:50:29,53,719,Normal,100,804,4.7,24.0,11.95,8,0,0,34.3,2
06/06/2026,11:50:46,53,719,Normal,100,804,7.6,24.0,12.05,8,0,0,37.2,1
06/06/2026,11:51:03,53,719,Normal,100,803,8.1,24.0,12.18,8,0,0,87.8,1
06/06/2026,11:51:20,53,709,Normal,100,805,12.8,24.0,12.11,8,0,0,145.5,2
06/06/2026,11:51:38,53,709,Normal,100,806,10.2,24.0,12.05,8,0,0,79.6,1
06/06/2026,11:51:55,53,709,Normal,100,806,10.1,24.0,12.07,8,0,0,59.3,1
06/06/2026,11:52:12,53,703,Normal,100,806,10.8,24.0,12.04,8,0,0,14.4,1
06/06/2026,11:52:29,53,703,Normal,100,806,10.5,24.0,12.06,8,0,0,104.8,1
06/06/2026,11:52:47,53,703,Normal,100,806,10.3,24.0,12.02,8,0,0,80.8,3
06/06/2026,11:53:04,53,703,Normal,100,806,9.9,24.0,12.02,8,0,0,74.8,2
06/06/2026,11:53:21,53,653,Normal,100,804,10.2,24.0,12.05,8,0,0,65.4,1
06/06/2026,11:53:38,53,653,Normal,100,805,5.4,24.0,11.98,8,0,0,65.0,2
06/06/2026,11:53:56,53,653,Normal,100,805,7.0,24.0,11.96,8,0,0,43.3,1
06/06/2026,11:54:13,53,703,Normal,100,804,6.0,24.0,11.98,8,0,0,74.5,1
06/06/2026,11:54:30,53,703,Normal,100,805,10.4,24.0,12.03,8,0,0,94.8,2
06/06/2026,11:54:47,53,703,Normal,100,804,8.1,24.0,12.04,8,0,0,59.5,1
06/06/2026,11:55:04,52,653,Normal,100,805,9.3,24.0,11.96,8,0,0,115.7,1
06/06/2026,11:55:22,52,653,Normal,100,805,11.4,24.0,11.97,8,0,0,102.0,2
06/06/2026,11:55:39,52,653,Normal,100,805,9.0,24.0,11.98,8,0,0,42.4,1
06/06/2026,11:55:56,52,703,Normal,100,807,8.2,24.0,12.05,8,0,0,28.4,1
06/06/2026,11:56:13,52,703,Normal,100,803,11.0,24.0,10.57,8,0,0,89.4,2
06/06/2026,11:56:31,52,703,Normal,100,803,9.2,24.0,10.76,8,0,0,33.6,1
06/06/2026,11:56:48,52,703,Normal,100,801,9.6,24.0,10.73,8,0,0,45.2,1
06/06/2026,11:57:05,52,653,Normal,100,801,9.0,24.0,10.76,8,0,0,105.6,1
06/06/2026,11:57:22,52,653,Normal,100,800,10.8,24.0,10.73,8,0,0,74.4,2
06/06/2026,11:57:40,52,653,Normal,100,801,11.0,24.0,10.84,8,0,0,90.2,3
06/06/2026,11:57:57,52,643,Normal,100,801,10.3,24.0,10.81,8,0,0,84.7,2
06/06/2026,11:58:14,52,643,Normal,100,801,9.9,24.0,10.91,8,0,0,65.0,2
06/06/2026,11:58:31,52,643,Normal,100,801,9.6,24.0,10.93,8,0,0,54.7,1
06/06/2026,12:00:17,52,643,Normal,100,801,58.4,24.0,10.65,8,0,0,96.5,2
06/06/2026,12:01:45,52,653,Normal,100,800,56.4,24.0,10.66,8,0,0,55.0,1
06/06/2026,12:02:16,51,643,Normal,100,802,56.8,24.0,10.82,8,0,0,52.0,1
06/06/2026,12:03:25,51,633,Normal,100,800,56.5,24.0,10.75,8,0,0,91.4,1
06/06/2026,12:03:56,51,643,Normal,100,800,58.5,24.0,10.71,8,0,0,60.7,1
06/06/2026,12:04:48,51,643,Normal,100,801,56.9,24.0,10.78,8,0,0,71.0,1
06/06/2026,12:05:45,51,653,Normal,100,800,56.5,24.0,10.77,8,0,0,10.6,1
06/06/2026,12:09:36,51,713,Normal,100,801,57.3,24.0,10.81,8,0,0,44.1,1
06/06/2026,12:10:15,51,703,Normal,100,802,59.6,24.0,10.8,8,0,0,81.7,2
06/06/2026,12:10:25,51,703,Normal,100,801,57.8,24.0,10.77,8,0,0,81.1,2
06/06/2026,12:12:45,50,658,Normal,100,801,57.4,24.0,10.86,8,0,0,103.6,1
06/06/2026,12:16:08,50,728,Normal,100,798,57.4,24.0,10.83,8,0,0,28.8,1
06/06/2026,12:16:39,50,730,Normal,100,799,58.8,24.0,10.86,8,0,0,69.1,1
06/06/2026,12:18:31,50,750,Normal,100,800,55.9,24.0,10.85,8,0,0,50.1,4
06/06/2026,12:19:09,50,750,Normal,100,800,57.0,24.0,10.86,8,0,0,68.7,1
06/06/2026,12:21:34,50,800,Normal,100,800,59.7,24.0,10.9,8,0,0,59.4,1
06/06/2026,12:22:55,49,740,Normal,100,801,57.4,24.0,11.09,8,0,0,86.5,1
06/06/2026,12:24:14,49,730,Normal,100,800,56.1,24.0,11.0,8,0,0,46.3,1
06/06/2026,12:30:04,48,720,Normal,100,797,58.0,24.0,11.05,8,0,0,46.5,1
06/06/2026,12:30:56,48,710,Normal,100,798,57.2,24.0,11.05,8,0,0,89.9,1
06/06/2026,12:31:49,48,700,Normal,100,799,55.3,24.0,11.05,8,0,0,49.9,1
06/06/2026,12:32:30,48,700,Normal,100,798,59.0,24.0,11.05,8,0,0,51.2,1
06/06/2026,12:33:52,48,640,Normal,100,798,57.0,24.0,11.06,8,0,0,90.0,1
07/06/2026,14:28:09,80,1341,Normal,100,810,37.9,24.0,12.24,8,0,0,28.8,1
07/06/2026,14:28:42,80,1331,Normal,100,813,9.0,24.0,12.11,8,0,0,102.4,1
07/06/2026,14:29:04,80,1331,Normal,100,812,10.6,24.0,12.21,8,0,0,101.3,2
07/06/2026,14:29:27,80,1321,Normal,100,812,10.5,24.0,12.08,8,0,0,96.1,3
07/06/2026,14:29:50,80,1321,Normal,100,815,13.0,24.0,12.14,8,0,0,192.6,4
07/06/2026,14:30:13,80,1311,Normal,100,815,17.6,24.0,12.12,8,0,0,121.3,1
07/06/2026,14:30:36,80,1311,Normal,100,817,14.3,24.0,12.12,8,0,0,96.4,2
07/06/2026,14:30:59,80,1311,Normal,100,816,13.7,24.0,12.16,8,0,0,107.6,2
07/06/2026,14:31:21,80,1301,Normal,100,815,14.3,24.0,12.2,8,0,0,96.5,2
07/06/2026,14:31:44,80,1301,Normal,100,813,10.9,24.0,12.13,8,0,0,98.5,1
07/06/2026,14:32:07,80,1301,Normal,100,813,13.1,24.0,12.12,8,0,0,104.7,2
07/06/2026,14:32:30,80,1251,Normal,100,813,12.4,24.0,12.15,8,0,0,112.0,2
07/06/2026,14:32:53,80,1251,Normal,100,814,11.7,24.0,12.22,8,0,0,104.6,2
07/06/2026,14:33:16,80,1241,Normal,100,811,13.7,24.0,12.17,8,0,0,104.7,1
07/06/2026,14:33:39,80,1241,Normal,100,816,15.0,24.0,12.24,8,0,0,81.1,2
07/06/2026,14:34:02,80,1241,Normal,100,816,12.7,24.0,12.2,8,0,0,95.7,2
07/06/2026,14:34:25,80,1231,Normal,100,816,10.8,24.0,12.11,8,0,0,96.6,2
07/06/2026,14:34:47,80,1231,Normal,100,816,10.7,24.0,12.07,8,0,0,96.2,2
07/06/2026,14:35:10,80,1231,Normal,100,814,12.4,24.0,12.17,8,0,0,91.3,2
07/06/2026,14:35:33,80,1221,Normal,100,814,12.2,24.0,12.16,8,0,0,120.7,1
07/06/2026,14:35:56,80,1221,Normal,100,811,13.7,24.0,12.02,8,0,0,84.4,1
07/06/2026,14:36:19,80,1211,Normal,100,813,11.5,24.0,12.01,8,0,0,108.4,3
07/06/2026,14:36:42,80,1211,Normal,100,815,12.2,24.0,12.07,8,0,0,117.7,1
07/06/2026,14:37:05,80,1211,Normal,100,812,9.1,24.0,11.93,8,0,0,86.5,1
07/06/2026,14:37:28,80,1201,Normal,100,813,10.6,24.0,12.1,8,0,0,127.5,2
07/06/2026,14:37:51,80,1201,Normal,100,813,18.2,24.0,12.17,8,0,0,120.2,2
07/06/2026,14:38:13,80,1202,Normal,100,812,9.4,24.0,12.04,8,0,0,88.0,1
07/06/2026,14:38:36,80,1202,Normal,100,812,10.7,24.0,12.06,8,0,0,89.7,2
07/06/2026,14:38:59,80,1202,Normal,100,813,10.4,24.0,12.09,8,0,0,85.6,1
07/06/2026,14:39:22,80,1152,Normal,100,813,10.2,24.0,12.07,8,0,0,91.9,1
07/06/2026,14:39:44,80,1152,Normal,100,809,10.7,24.0,12.11,8,0,0,107.8,2
07/06/2026,14:40:07,80,1152,Normal,100,811,10.2,24.0,12.08,8,0,0,78.4,1
07/06/2026,14:40:30,80,1202,Normal,100,813,10.4,24.0,12.1,8,0,0,105.4,1
07/06/2026,14:40:53,80,1202,Normal,100,814,10.3,24.0,12.12,8,0,0,103.2,1
07/06/2026,14:41:16,80,1152,Normal,100,815,12.5,24.0,12.07,8,0,0,98.6,2
07/06/2026,14:41:39,80,1152,Normal,100,813,12.3,24.0,12.1,8,0,0,96.0,2
07/06/2026,14:42:02,80,1152,Normal,100,812,11.9,24.0,12.12,8,0,0,93.3,2
07/06/2026,14:42:25,80,1142,Normal,100,814,11.2,24.0,12.22,8,0,0,99.9,1
07/06/2026,14:42:47,80,1142,Normal,100,817,10.8,24.0,12.18,8,0,0,108.1,2
07/06/2026,14:43:10,80,1142,Normal,100,806,12.8,24.0,11.7,8,0,0,70.4,1
07/06/2026,14:43:33,80,1132,Normal,100,789,5.0,24.0,10.15,8,0,0,26.7,1
07/06/2026,14:43:56,80,1132,Normal,100,788,3.5,24.0,10.19,8,0,0,54.4,1
07/06/2026,14:44:19,80,1142,Normal,100,784,3.4,24.0,10.2,8,0,0,9.1,1
07/06/2026,14:44:41,80,1142,Normal,100,786,3.2,24.0,10.21,8,0,0,10.1,1
07/06/2026,14:45:04,80,1142,Normal,100,786,3.6,24.0,10.27,8,0,0,17.2,1
07/06/2026,14:45:27,80,1152,Normal,100,786,3.3,24.0,10.25,8,0,0,11.4,1
07/06/2026,14:45:50,80,1152,Normal,100,786,2.8,24.0,10.21,8,0,0,10.1,1
07/06/2026,14:46:13,80,1202,Normal,100,786,3.0,24.0,10.21,8,0,0,7.5,1
07/06/2026,14:46:35,80,1202,Normal,100,787,3.7,24.0,10.24,8,0,0,18.1,1
07/06/2026,14:46:58,80,1202,Normal,100,787,2.8,24.0,10.25,8,0,0,10.0,1
07/06/2026,14:47:21,80,1212,Normal,100,784,3.0,24.0,10.25,8,0,0,38.6,1
07/06/2026,14:47:44,80,1212,Normal,100,784,2.9,24.0,10.25,8,0,0,10.1,1
07/06/2026,14:48:07,80,1212,Normal,100,784,2.8,24.0,10.34,8,0,0,7.5,1
07/06/2026,14:48:29,80,1222,Normal,100,787,4.1,24.0,10.35,8,0,0,61.0,2
07/06/2026,15:39:45,78,2000,Normal,100,786,56.0,24.0,10.57,8,0,0,25.2,1
07/06/2026,15:40:41,78,2000,Normal,100,786,60.3,24.0,10.58,8,0,0,16.1,1
07/06/2026,15:58:03,76,2000,Normal,100,801,66.5,24.0,11.78,8,0,0,128.3,2
07/06/2026,15:59:16,76,2000,Normal,100,801,56.8,24.0,11.74,8,0,0,97.4,1
07/06/2026,16:00:56,76,2000,Normal,100,802,61.2,24.0,11.74,8,0,0,87.5,1
07/06/2026,16:01:20,76,2000,Normal,100,805,59.3,24.0,11.8,8,0,0,87.6,1
07/06/2026,16:01:54,76,2000,Normal,100,801,56.2,24.0,11.77,8,0,0,45.7,1
07/06/2026,16:02:56,75,2000,Normal,100,801,56.3,24.0,11.78,8,0,0,25.5,1
07/06/2026,16:03:29,75,2000,Normal,100,803,57.8,24.0,11.8,8,0,0,65.7,1
07/06/2026,16:03:55,75,2000,Normal,100,804,57.3,24.0,11.79,8,0,0,150.5,2
07/06/2026,16:07:31,75,1941,Normal,100,804,55.5,24.0,11.75,8,0,0,27.0,1
07/06/2026,16:08:14,75,1931,Normal,100,801,56.0,24.0,11.72,8,0,0,21.2,1
07/06/2026,16:09:15,75,1921,Normal,100,801,55.4,24.0,11.72,8,0,0,45.7,1
07/06/2026,16:12:59,74,1841,Normal,100,803,56.0,24.0,11.96,8,0,0,149.1,1
07/06/2026,16:18:36,74,1741,Normal,100,799,59.6,24.0,11.91,8,0,0,82.5,1
07/06/2026,16:50:31,70,1301,Normal,100,802,57.3,24.0,12.07,8,0,0,40.7,1
07/06/2026,16:50:57,70,1251,Normal,100,804,58.5,24.0,12.09,8,0,0,75.7,1
07/06/2026,16:53:30,70,1231,Normal,100,801,58.5,24.0,12.09,8,0,0,13.6,1
07/06/2026,16:55:04,69,1211,Normal,100,804,54.5,24.0,12.08,8,0,0,66.6,2
07/06/2026,16:56:10,69,1201,Normal,100,805,58.2,24.0,12.18,8,0,0,111.9,2
07/06/2026,16:58:04,69,1141,Normal,100,805,55.3,24.0,12.41,8,0,0,87.4,3
07/06/2026,16:58:34,69,1131,Normal,100,805,57.3,24.0,12.31,8,0,0,37.8,2
07/06/2026,16:59:01,69,1131,Normal,100,806,56.1,24.0,12.26,8,0,0,21.7,1
07/06/2026,16:59:22,69,1131,Normal,100,807,56.9,24.0,12.28,8,0,0,103.3,1
07/06/2026,17:01:41,68,1051,Normal,100,807,55.6,24.0,12.27,8,0,0,109.8,2
07/06/2026,17:02:00,68,1051,Normal,100,807,60.0,24.0,12.28,8,0,0,84.7,1
07/06/2026,17:06:00,68,1051,Normal,100,804,55.5,24.0,12.18,8,0,0,32.6,1
07/06/2026,17:06:36,68,1041,Normal,100,806,55.6,24.0,12.21,8,0,0,59.4,2
07/06/2026,17:09:12,68,1041,Normal,100,806,55.9,24.0,12.28,8,0,0,87.4,1
07/06/2026,17:13:26,67,951,Normal,100,806,55.0,24.0,12.3,8,0,0,12.1,1
07/06/2026,17:14:49,67,951,Normal,100,806,58.2,24.0,12.27,8,0,0,87.9,1
07/06/2026,17:15:27,67,951,Normal,100,805,57.3,24.0,12.25,8,0,0,67.2,1
07/06/2026,17:16:10,67,941,Normal,100,805,56.4,24.0,12.28,8,0,0,78.4,1
07/06/2026,17:18:17,66,931,Normal,100,805,55.4,24.0,12.29,8,0,0,214.4,1
07/06/2026,17:20:16,66,931,Normal,100,805,57.0,24.0,12.23,8,0,0,85.5,1
07/06/2026,17:22:32,66,911,Normal,100,805,56.5,24.0,12.3,8,0,0,66.8,1
07/06/2026,17:22:51,66,901,Normal,100,806,57.1,24.0,12.27,8,0,0,37.3,1
07/06/2026,17:23:53,66,851,Normal,100,807,57.3,24.0,12.35,8,0,0,102.0,2
07/06/2026,17:29:15,65,811,Normal,100,804,56.2,24.0,12.32,8,0,0,13.8,1
07/06/2026,17:29:47,65,801,Normal,100,805,56.0,24.0,12.3,8,0,0,13.5,1
07/06/2026,17:30:45,65,801,Normal,100,804,55.7,24.0,12.34,8,0,0,88.8,2
07/06/2026,17:32:17,64,751,Normal,100,804,59.7,24.0,12.29,8,0,0,183.6,1
07/06/2026,17:38:58,64,801,Normal,100,807,57.4,24.0,12.38,8,0,0,112.8,1
07/06/2026,17:39:42,63,751,Normal,100,806,54.7,24.0,12.33,8,0,0,24.3,1
07/06/2026,17:41:44,63,751,Normal,100,805,57.1,24.0,12.32,8,0,0,58.7,1
07/06/2026,17:42:24,63,741,Normal,100,805,58.4,24.0,12.29,8,0,0,31.5,1
07/06/2026,17:44:48,63,801,Normal,100,806,56.0,24.0,12.15,8,0,0,79.1,1
07/06/2026,17:46:09,63,801,Normal,100,805,58.2,24.0,12.17,8,0,0,84.2,1
07/06/2026,17:49:35,62,801,Normal,100,805,56.4,24.0,11.85,8,0,0,80.7,1
07/06/2026,18:03:01,60,738,Normal,100,806,54.3,24.0,11.79,8,0,0,87.7,1
07/06/2026,18:11:44,59,727,Normal,100,805,55.5,24.0,11.85,8,0,0,17.0,1
07/06/2026,18:12:06,59,727,Normal,100,803,58.3,24.0,11.89,8,0,0,23.9,1
07/06/2026,18:12:48,59,717,Normal,100,804,56.0,24.0,11.86,8,0,0,22.1,1
07/06/2026,18:14:16,59,714,Normal,100,805,55.4,24.0,11.85,8,0,0,13.6,1
07/06/2026,18:15:00,59,704,Normal,100,805,58.7,24.0,11.9,8,0,0,111.3,2
07/06/2026,18:15:23,58,654,Normal,100,806,8.3,24.0,11.82,8,0,0,82.6,1
07/06/2026,18:15:43,58,654,Normal,100,805,55.3,24.0,11.85,8,0,0,13.9,1
07/06/2026,18:16:07,58,644,Normal,100,807,58.1,24.0,11.92,8,0,0,107.7,1
07/06/2026,18:16:32,58,644,Normal,100,807,55.0,24.0,11.9,8,0,0,64.1,1
07/06/2026,18:19:15,58,709,Normal,100,806,58.1,24.0,11.89,8,0,0,100.1,2
07/06/2026,18:21:05,58,729,Normal,100,805,55.2,24.0,11.93,8,0,0,29.3,1
07/06/2026,18:21:35,58,729,Normal,100,805,58.2,24.0,11.92,8,0,0,65.8,1
07/06/2026,18:22:03,58,719,Normal,100,805,57.4,24.0,11.96,8,0,0,27.6,2
07/06/2026,18:22:43,57,709,Normal,100,805,58.1,24.0,11.95,8,0,0,33.7,1
07/06/2026,18:23:31,57,714,Normal,100,805,56.2,24.0,11.93,8,0,0,127.5,2
07/06/2026,18:25:23,57,734,Normal,100,807,54.3,24.0,11.92,8,0,0,28.0,1
07/06/2026,18:26:18,57,724,Normal,100,808,59.2,24.0,12.0,8,0,0,39.1,1
07/06/2026,18:26:36,57,724,Normal,100,804,57.6,24.0,12.06,8,0,0,87.7,2
07/06/2026,18:29:34,56,654,Normal,100,804,56.3,24.0,12.06,8,0,0,121.9,1
07/06/2026,18:34:17,56,644,Normal,100,806,64.1,24.0,12.03,9,0,0,93.5,1
07/06/2026,18:35:32,56,641,Normal,100,804,56.4,24.0,12.05,9,0,0,127.6,3
07/06/2026,18:35:51,55,631,Normal,100,805,56.9,24.0,12.01,9,0,0,70.7,2
07/06/2026,18:36:36,55,621,Normal,100,806,55.7,24.0,12.03,9,0,0,59.1,2
07/06/2026,18:37:14,55,621,Normal,100,806,58.0,24.0,12.06,9,0,0,123.1,3
07/06/2026,18:37:27,55,621,Normal,100,804,56.0,24.0,12.01,9,0,0,22.1,1
07/06/2026,18:38:19,55,611,Normal,100,808,56.6,24.0,12.11,9,0,0,44.6,1
07/06/2026,18:39:19,55,601,Normal,100,808,60.0,24.0,12.05,9,0,0,58.0,1
07/06/2026,18:40:14,55,551,Normal,100,806,58.9,24.0,12.1,9,0,0,127.0,1
07/06/2026,18:42:13,55,551,Normal,100,807,56.1,24.0,12.07,9,0,0,108.7,2
07/06/2026,18:43:16,54,541,Normal,100,805,62.5,24.0,12.07,9,0,0,93.4,2
07/06/2026,18:43:32,54,541,Normal,100,807,57.1,24.0,12.04,9,0,0,11.6,1
07/06/2026,18:48:23,53,524,Normal,100,808,55.6,24.0,12.17,9,0,0,150.0,2
07/06/2026,18:49:21,53,514,Normal,100,806,55.9,24.0,12.19,9,0,0,77.8,1
07/06/2026,18:57:03,52,542,Normal,100,807,56.4,24.0,12.2,9,0,0,26.0,1
07/06/2026,18:58:53,52,532,Normal,100,807,59.7,24.0,12.21,9,0,0,58.0,1
07/06/2026,19:01:58,51,532,Normal,100,807,55.6,24.0,12.22,9,0,0,123.7,1
07/06/2026,19:02:26,51,532,Normal,100,808,56.4,24.0,12.23,9,0,0,95.5,2
07/06/2026,19:05:18,51,504,Normal,100,807,56.9,24.0,12.25,9,0,0,72.7,1
07/06/2026,19:06:20,50,454,Normal,100,807,57.7,24.0,12.37,9,0,0,131.5,1
07/06/2026,19:07:21,50,459,Normal,100,806,58.0,24.0,12.21,9,0,0,11.6,1
07/06/2026,20:09:25,49,539,Normal,100,808,56.4,24.0,12.38,9,0,0,111.1,2
07/06/2026,20:10:05,49,539,Normal,100,810,57.5,24.0,12.3,9,0,0,124.5,3
07/06/2026,20:11:26,49,539,Normal,100,809,57.5,24.0,12.3,9,0,0,109.7,2
07/06/2026,20:17:23,49,616,Normal,100,805,57.8,24.0,12.35,9,0,0,148.8,3
07/06/2026,20:18:13,48,606,Normal,100,807,54.8,24.0,12.36,9,0,0,71.1,1
07/06/2026,20:21:58,48,558,Normal,100,806,56.7,24.0,12.34,9,0,0,63.3,1
07/06/2026,20:22:21,48,558,Normal,100,807,58.2,24.0,12.32,9,0,0,50.8,1
07/06/2026,20:23:06,48,548,Normal,100,807,57.1,24.0,12.27,9,0,0,98.4,2
07/06/2026,20:23:29,48,538,Normal,100,809,10.6,24.0,12.14,9,0,0,28.3,1
07/06/2026,20:25:35,47,538,Normal,100,807,55.2,24.0,12.27,9,0,0,30.2,1
07/06/2026,20:47:59,45,639,Normal,100,808,57.0,24.0,12.33,9,0,0,47.0,1
07/06/2026,21:18:41,73,1227,Normal,100,805,43.2,24.0,12.31,9,0,0,158.9,1
07/06/2026,21:34:52,73,1233,Normal,100,805,55.9,24.0,12.33,9,0,0,16.0,1
07/06/2026,21:45:11,73,1233,Normal,100,805,58.3,24.0,12.33,9,0,0,55.5,1
07/06/2026,21:52:21,72,1138,Normal,100,807,56.4,24.0,12.31,9,0,0,109.4,1
07/06/2026,21:52:38,72,1128,Normal,100,808,60.8,24.0,12.2,9,0,0,10.8,1
07/06/2026,21:53:18,72,1128,Normal,100,805,58.4,24.0,12.25,9,0,0,29.0,1
07/06/2026,21:54:14,72,1118,Normal,100,805,57.8,24.0,12.21,9,0,0,15.2,1
07/06/2026,21:54:49,72,1108,Normal,100,809,62.6,24.0,12.21,9,0,0,26.0,1
07/06/2026,21:55:36,72,1106,Normal,100,808,60.0,24.0,12.19,9,0,0,85.1,1
07/06/2026,21:57:06,72,1116,Normal,100,809,56.3,24.0,12.33,9,0,0,102.3,2
07/06/2026,21:58:40,71,1056,Normal,100,805,56.5,24.0,12.17,9,0,0,107.6,1
07/06/2026,21:59:08,71,1056,Normal,100,807,57.8,24.0,12.24,9,0,0,80.0,1
07/06/2026,22:04:34,71,1036,Normal,100,806,56.6,24.0,12.2,9,0,0,37.7,1
07/06/2026,22:05:34,71,1046,Normal,100,805,55.1,24.0,12.17,9,0,0,25.5,1
07/06/2026,22:05:57,71,1046,Normal,100,807,8.7,24.0,12.24,9,0,0,57.1,1
07/06/2026,22:06:20,70,1036,Normal,100,807,12.5,24.0,12.2,9,0,0,114.5,3
07/06/2026,22:06:43,70,1036,Normal,100,807,12.3,24.0,12.18,9,0,0,43.4,1
07/06/2026,22:06:58,70,1036,Normal,100,809,53.9,24.0,12.17,9,0,0,13.1,2
07/06/2026,22:07:21,70,1026,Normal,100,811,7.2,24.0,12.25,9,0,0,80.1,2
07/06/2026,22:07:43,70,1026,Normal,100,806,52.5,24.0,12.13,9,0,0,98.2,1
07/06/2026,22:09:16,70,1006,Normal,100,806,58.2,24.0,12.18,9,0,0,24.4,1
07/06/2026,22:14:12,69,1004,Normal,100,805,63.5,24.0,12.32,9,0,0,54.7,1
07/06/2026,22:15:23,69,1013,Normal,100,806,63.0,24.0,12.19,9,0,0,17.5,1
07/06/2026,22:16:12,69,1023,Normal,100,807,55.3,24.0,12.19,9,0,0,96.2,2
07/06/2026,22:16:57,69,1023,Normal,100,806,56.9,24.0,12.27,9,0,0,142.4,2
07/06/2026,22:17:34,69,1013,Normal,100,809,53.9,24.0,12.15,9,0,0,94.2,1
07/06/2026,22:17:57,69,1013,Normal,100,808,6.7,24.0,12.1,9,0,0,38.3,1
